# 관심사
INSERT INTO blindcafe.interest (interest_id, name) VALUES (1, '취업')
INSERT INTO blindcafe.interest (interest_id, name) VALUES (2, '작품')
INSERT INTO blindcafe.interest (interest_id, name) VALUES (3, '동물')
INSERT INTO blindcafe.interest (interest_id, name) VALUES (4, '음식')
INSERT INTO blindcafe.interest (interest_id, name) VALUES (5, '여행')
INSERT INTO blindcafe.interest (interest_id, name) VALUES (6, '게임')
INSERT INTO blindcafe.interest (interest_id, name) VALUES (7, '연예')
INSERT INTO blindcafe.interest (interest_id, name) VALUES (8, '스포츠')
INSERT INTO blindcafe.interest (interest_id, name) VALUES (9, '재테크')

# 토픽
INSERT INTO blindcafe.topic (dtype, topic_id, src, title, interest_id, subject) VALUES ('S', 1, null, null, 0, '아이폰과 갤럭시 중 어떤 브랜드를 사용하세요?');
INSERT INTO blindcafe.topic (dtype, topic_id, src, title, interest_id, subject) VALUES ('S', 2, null, null, 0, '요새 빠지신 취미 있나요?');
INSERT INTO blindcafe.topic (dtype, topic_id, src, title, interest_id, subject) VALUES ('S', 3, null, null, 0, '겨울 향수 추천해줄래요?');
INSERT INTO blindcafe.topic (dtype, topic_id, src, title, interest_id, subject) VALUES ('S', 4, null, null, 0, '두 분 다 온라인 친구를 오프라인에서 만나 본 적 있어요?');
INSERT INTO blindcafe.topic (dtype, topic_id, src, title, interest_id, subject) VALUES ('S', 5, null, null, 0, '인스타그램이나 트위터 사용하세요?');
INSERT INTO blindcafe.topic (dtype, topic_id, src, title, interest_id, subject) VALUES ('S', 6, null, null, 0, '평소 옷 스타일 어때요? ');
INSERT INTO blindcafe.topic (dtype, topic_id, src, title, interest_id, subject) VALUES ('S', 7, null, null, 0, '사주 보신 적 있어요? 용한 곳 있으면 추천해주세요!');
INSERT INTO blindcafe.topic (dtype, topic_id, src, title, interest_id, subject) VALUES ('S', 8, null, null, 0, '당근마켓 해봤어요? 전 거래 자주해요.');
INSERT INTO blindcafe.topic (dtype, topic_id, src, title, interest_id, subject) VALUES ('S', 9, null, null, 0, '가장 좋아하는 계절이 궁금해요.');
INSERT INTO blindcafe.topic (dtype, topic_id, src, title, interest_id, subject) VALUES ('S', 10, null, null, 0, '데이트 코스 추천해줄래요?');
INSERT INTO blindcafe.topic (dtype, topic_id, src, title, interest_id, subject) VALUES ('S', 11, null, null, 0, '놀이공원 좋아해요? 무서운 거 잘 타나요?');
INSERT INTO blindcafe.topic (dtype, topic_id, src, title, interest_id, subject) VALUES ('S', 12, null, null, 0, '마지막 연애는 언제였는 지 물어봐도 되나요?');
INSERT INTO blindcafe.topic (dtype, topic_id, src, title, interest_id, subject) VALUES ('S', 13, null, null, 0, '첫 연애는 몇 살때였어요?');
INSERT INTO blindcafe.topic (dtype, topic_id, src, title, interest_id, subject) VALUES ('S', 14, null, null, 0, '이상형이 어떻게 되죠?');
INSERT INTO blindcafe.topic (dtype, topic_id, src, title, interest_id, subject) VALUES ('S', 15, null, null, 0, '애인과 가보고픈 장소가 있나요?');
INSERT INTO blindcafe.topic (dtype, topic_id, src, title, interest_id, subject) VALUES ('S', 16, null, null, 0, '기념일을 챙기는 편인가요?');
INSERT INTO blindcafe.topic (dtype, topic_id, src, title, interest_id, subject) VALUES ('S', 17, null, null, 0, '남사친/여사친은 어느정도 사이가 적당한 것 같으세요?');
INSERT INTO blindcafe.topic (dtype, topic_id, src, title, interest_id, subject) VALUES ('S', 18, null, null, 0, '전 애인의 SNS 훔쳐본 적 있어요?');
INSERT INTO blindcafe.topic (dtype, topic_id, src, title, interest_id, subject) VALUES ('S', 19, null, null, 0, '연락 스타일은 어떤 편이에요? 연락이 오면 바로 답장하는 편인가요?');
INSERT INTO blindcafe.topic (dtype, topic_id, src, title, interest_id, subject) VALUES ('S', 20, null, null, 0, '혹시 신년계획 세우셨어요? ');
INSERT INTO blindcafe.topic (dtype, topic_id, src, title, interest_id, subject) VALUES ('S', 21, null, null, 1, '여러분 모두 취준생인가요? 아니면 직장인이신가요?');
INSERT INTO blindcafe.topic (dtype, topic_id, src, title, interest_id, subject) VALUES ('S', 22, null, null, 1, '요새는 AI로 면접본대요, 두 분 AI면접 봐보신적 있어요?');
INSERT INTO blindcafe.topic (dtype, topic_id, src, title, interest_id, subject) VALUES ('S', 23, null, null, 1, '직장은 고르는 기준이 뭔가요? 우리 공유해봐요');
INSERT INTO blindcafe.topic (dtype, topic_id, src, title, interest_id, subject) VALUES ('S', 24, null, null, 1, '가장 어려웠던 시험 물어봐도 되나요?');
INSERT INTO blindcafe.topic (dtype, topic_id, src, title, interest_id, subject) VALUES ('S', 25, null, null, 1, '네카쿠베라 들어보셨어요?');
INSERT INTO blindcafe.topic (dtype, topic_id, src, title, interest_id, subject) VALUES ('S', 26, null, null, 1, '아르바이트 어떤 것들 해보셨어요? 저는 카페 알바 중이에요~');
INSERT INTO blindcafe.topic (dtype, topic_id, src, title, interest_id, subject) VALUES ('S', 27, null, null, 1, '유투버나 스트리머 되는 것에 관심있어요? 제 친구는 카메라도 샀대요');
INSERT INTO blindcafe.topic (dtype, topic_id, src, title, interest_id, subject) VALUES ('S', 28, null, null, 1, '고등학교 삼학년으로 돌려보내 준다면, 가실껀가요?');
INSERT INTO blindcafe.topic (dtype, topic_id, src, title, interest_id, subject) VALUES ('S', 29, null, null, 1, '전공 선택에 후회해본 적 없으신가요?');
INSERT INTO blindcafe.topic (dtype, topic_id, src, title, interest_id, subject) VALUES ('S', 30, null, null, 1, '배워보고 싶은 분야 있나요? 저는 다시 태어나면 물리학...?');
INSERT INTO blindcafe.topic (dtype, topic_id, src, title, interest_id, subject) VALUES ('S', 31, null, null, 1, '가고 싶은 회사 알려주세요!');
INSERT INTO blindcafe.topic (dtype, topic_id, src, title, interest_id, subject) VALUES ('S', 32, null, null, 1, '스타트업에서 일해본 적 있나요? 혹은 일하고 싶으신가요?');
INSERT INTO blindcafe.topic (dtype, topic_id, src, title, interest_id, subject) VALUES ('S', 33, null, null, 1, '배달알바 해본 적 있어요? 부업으로 많이 한다 하더라구요');
INSERT INTO blindcafe.topic (dtype, topic_id, src, title, interest_id, subject) VALUES ('S', 34, null, null, 1, '두 분의 커리어목표는 무엇인가요?');
INSERT INTO blindcafe.topic (dtype, topic_id, src, title, interest_id, subject) VALUES ('S', 35, null, null, 1, '퇴사/관두고 싶은 순간은?');
INSERT INTO blindcafe.topic (dtype, topic_id, src, title, interest_id, subject) VALUES ('S', 36, null, null, 1, '아르바이트 하면서 재밌었던 에피소드 알려주세요!');
INSERT INTO blindcafe.topic (dtype, topic_id, src, title, interest_id, subject) VALUES ('S', 37, null, null, 1, '골라봅시다. 매일 야근하지만 연봉 많이 주는 회사 vs 야근은 아예 없는데 연봉은 최저');
INSERT INTO blindcafe.topic (dtype, topic_id, src, title, interest_id, subject) VALUES ('S', 38, null, null, 1, '언젠가 창업 혹은 프리랜서 할 생각 있으신가요?');
INSERT INTO blindcafe.topic (dtype, topic_id, src, title, interest_id, subject) VALUES ('S', 39, null, null, 1, '어렸을 때 꿈은 무엇이었나요? 지금도 그런가요?');
INSERT INTO blindcafe.topic (dtype, topic_id, src, title, interest_id, subject) VALUES ('S', 40, null, null, 1, '같이 일하는 동료들은 어때요? 어떤 동료와 잘 맞는 것 같으세요?');
INSERT INTO blindcafe.topic (dtype, topic_id, src, title, interest_id, subject) VALUES ('S', 41, null, null, 2, '넷플릭스 최애 작품 추천해주세요!');
INSERT INTO blindcafe.topic (dtype, topic_id, src, title, interest_id, subject) VALUES ('S', 42, null, null, 2, '구독하고 있는 OTT서비스 있으세요?');
INSERT INTO blindcafe.topic (dtype, topic_id, src, title, interest_id, subject) VALUES ('S', 43, null, null, 2, '드라마 좋아해요? 전 막장전개의 아침드라마가 좋아요');
INSERT INTO blindcafe.topic (dtype, topic_id, src, title, interest_id, subject) VALUES ('S', 44, null, null, 2, '유재석의 간판 예능 중 가장 좋아하는 예능은? ');
INSERT INTO blindcafe.topic (dtype, topic_id, src, title, interest_id, subject) VALUES ('S', 45, null, null, 2, '월요일에 무슨 웹툰보세요? ');
INSERT INTO blindcafe.topic (dtype, topic_id, src, title, interest_id, subject) VALUES ('S', 46, null, null, 2, '인생작인 만화 혹은 소설 추천해주세요! ');
INSERT INTO blindcafe.topic (dtype, topic_id, src, title, interest_id, subject) VALUES ('S', 47, null, null, 2, '가장 최근에 본 유튜브 영상은? 전 5분순삭이요!');
INSERT INTO blindcafe.topic (dtype, topic_id, src, title, interest_id, subject) VALUES ('S', 48, null, null, 2, '최근 유행 중인 넷플릭스 드라마 보셨어요?  ');
INSERT INTO blindcafe.topic (dtype, topic_id, src, title, interest_id, subject) VALUES ('S', 49, null, null, 2, '영화관에서 보고 싶은 영화 장르는? 집에서 보는 장르와 다른가요?');
INSERT INTO blindcafe.topic (dtype, topic_id, src, title, interest_id, subject) VALUES ('S', 50, null, null, 2, '뮤지컬 좋아해요? 저는 캣츠 진짜 재밌게 봤어요');
INSERT INTO blindcafe.topic (dtype, topic_id, src, title, interest_id, subject) VALUES ('S', 51, null, null, 2, '제일 재밌게 본 드라마 시리즈는?');
INSERT INTO blindcafe.topic (dtype, topic_id, src, title, interest_id, subject) VALUES ('S', 52, null, null, 2, '디즈니 플러스 구독했나요?');
INSERT INTO blindcafe.topic (dtype, topic_id, src, title, interest_id, subject) VALUES ('S', 53, null, null, 2, '혜화에서 연극 본 적 있어요?');
INSERT INTO blindcafe.topic (dtype, topic_id, src, title, interest_id, subject) VALUES ('S', 54, null, null, 2, '미드 프렌즈 보셨나요? 어떤 캐릭터를 가장 좋아하세요?');
INSERT INTO blindcafe.topic (dtype, topic_id, src, title, interest_id, subject) VALUES ('S', 55, null, null, 2, '둘 중 더 좋아하는 예능분야는? 음악 VS 음식');
INSERT INTO blindcafe.topic (dtype, topic_id, src, title, interest_id, subject) VALUES ('S', 56, null, null, 2, '애니메이션 좋아해요?');
INSERT INTO blindcafe.topic (dtype, topic_id, src, title, interest_id, subject) VALUES ('S', 57, null, null, 2, '미술관이나 박물관 가는 거 좋아해요?');
INSERT INTO blindcafe.topic (dtype, topic_id, src, title, interest_id, subject) VALUES ('S', 58, null, null, 2, '가고 싶은 콘서트 있어요?');
INSERT INTO blindcafe.topic (dtype, topic_id, src, title, interest_id, subject) VALUES ('S', 59, null, null, 2, '인생 영화 알려주세요');
INSERT INTO blindcafe.topic (dtype, topic_id, src, title, interest_id, subject) VALUES ('S', 60, null, null, 2, 'OTT 계정 누구와 쓰고 있나요?');
INSERT INTO blindcafe.topic (dtype, topic_id, src, title, interest_id, subject) VALUES ('S', 61, null, null, 3, '반려동물을 키우시고 있나요?');
INSERT INTO blindcafe.topic (dtype, topic_id, src, title, interest_id, subject) VALUES ('S', 62, null, null, 3, '임보할 수 있는 기회가 생기면 해볼 의향이 있어요?');
INSERT INTO blindcafe.topic (dtype, topic_id, src, title, interest_id, subject) VALUES ('S', 63, null, null, 3, '유기동물 보호소 봉사 가본 적 있나요?');
INSERT INTO blindcafe.topic (dtype, topic_id, src, title, interest_id, subject) VALUES ('S', 64, null, null, 3, '키우는 혹은 키웠던 반려동물 이름이 뭐에요?');
INSERT INTO blindcafe.topic (dtype, topic_id, src, title, interest_id, subject) VALUES ('S', 65, null, null, 3, '반려동물 유튜브 어떤 거 보세요?');
INSERT INTO blindcafe.topic (dtype, topic_id, src, title, interest_id, subject) VALUES ('S', 66, null, null, 3, '반려동물과 실현하고 싶은 로망 있어요? 저는 강아지와 여행 같이 가고싶어요');
INSERT INTO blindcafe.topic (dtype, topic_id, src, title, interest_id, subject) VALUES ('S', 67, null, null, 3, '키우고 싶은 반려동물은 있어요?');
INSERT INTO blindcafe.topic (dtype, topic_id, src, title, interest_id, subject) VALUES ('S', 68, null, null, 3, '털 알레르기는 없어요?');
INSERT INTO blindcafe.topic (dtype, topic_id, src, title, interest_id, subject) VALUES ('S', 69, null, null, 3, '구독하는 동물 유튜버 있어요?');
INSERT INTO blindcafe.topic (dtype, topic_id, src, title, interest_id, subject) VALUES ('S', 70, null, null, 3, '반려동물이 가장 좋아하는 음식은 뭐에요?');
INSERT INTO blindcafe.topic (dtype, topic_id, src, title, interest_id, subject) VALUES ('S', 71, null, null, 3, '반려동물 인스타 계정 있나요?');
INSERT INTO blindcafe.topic (dtype, topic_id, src, title, interest_id, subject) VALUES ('S', 72, null, null, 3, '반려동물의 귀여운 모습 자랑해주세요!');
INSERT INTO blindcafe.topic (dtype, topic_id, src, title, interest_id, subject) VALUES ('S', 73, null, null, 3, '요새 반려동물과 트윈룩이 유행인데, 두 분도 트윈룩 있나요?');
INSERT INTO blindcafe.topic (dtype, topic_id, src, title, interest_id, subject) VALUES ('S', 74, null, null, 3, '내 새끼, 언제가 제일 사랑스럽나요?');
INSERT INTO blindcafe.topic (dtype, topic_id, src, title, interest_id, subject) VALUES ('S', 75, null, null, 3, '사료 바뀌는 주기가 어떻게 돼요?');
INSERT INTO blindcafe.topic (dtype, topic_id, src, title, interest_id, subject) VALUES ('S', 76, null, null, 3, '내 새끼의 특별한 장기가 있나요?');
INSERT INTO blindcafe.topic (dtype, topic_id, src, title, interest_id, subject) VALUES ('S', 77, null, null, 3, '반려동물들 위한 한 달 지출이 얼마나 돼요?');
INSERT INTO blindcafe.topic (dtype, topic_id, src, title, interest_id, subject) VALUES ('S', 78, null, null, 3, '반려동물은 주인을 닮아간다던데...실제로 그래요?');
INSERT INTO blindcafe.topic (dtype, topic_id, src, title, interest_id, subject) VALUES ('S', 79, null, null, 3, '반려동물을 키우게된 계기가 궁금해요');
INSERT INTO blindcafe.topic (dtype, topic_id, src, title, interest_id, subject) VALUES ('S', 80, null, null, 3, '반려동물이 똑똑한 편이에요? ');
INSERT INTO blindcafe.topic (dtype, topic_id, src, title, interest_id, subject) VALUES ('S', 81, null, null, 4, '오이 좋아하세요? 엄마껜 비밀인데, 저는 어렸을 때 오이는 모조리 빼버렸어요!');
INSERT INTO blindcafe.topic (dtype, topic_id, src, title, interest_id, subject) VALUES ('S', 82, null, null, 4, '제일 좋아하는 떡볶이집은 어디예요? 단골집이 같으면 인연이랬어요');
INSERT INTO blindcafe.topic (dtype, topic_id, src, title, interest_id, subject) VALUES ('S', 83, null, null, 4, '상대방이 놀러온다면 우리동네에 추천해줄 맛집은?');
INSERT INTO blindcafe.topic (dtype, topic_id, src, title, interest_id, subject) VALUES ('S', 84, null, null, 4, '점점 추워지네요! 다들 아이스 아메리카노로 드세요?');
INSERT INTO blindcafe.topic (dtype, topic_id, src, title, interest_id, subject) VALUES ('S', 85, null, null, 4, '배달 자주 시켜드세요? 전 어제도 시켜 먹었어요(속닥)');
INSERT INTO blindcafe.topic (dtype, topic_id, src, title, interest_id, subject) VALUES ('S', 86, null, null, 4, '치맥하고 싶은 날 시켜먹는 치킨은?');
INSERT INTO blindcafe.topic (dtype, topic_id, src, title, interest_id, subject) VALUES ('S', 87, null, null, 4, '맛있는 편의점 조합 추천해주세요!');
INSERT INTO blindcafe.topic (dtype, topic_id, src, title, interest_id, subject) VALUES ('S', 88, null, null, 4, '밥 얻어먹는다면 고기와 해산물 중 선택은?');
INSERT INTO blindcafe.topic (dtype, topic_id, src, title, interest_id, subject) VALUES ('S', 89, null, null, 4, '매운 음식 잘 드세요?');
INSERT INTO blindcafe.topic (dtype, topic_id, src, title, interest_id, subject) VALUES ('S', 90, null, null, 4, '밀키트 드셔보셨어요? 요새는 맛집도 밀키트로 즐길 수 있대요');
INSERT INTO blindcafe.topic (dtype, topic_id, src, title, interest_id, subject) VALUES ('S', 91, null, null, 4, '맛집이면 웨이팅 기다릴 수 있나요? ');
INSERT INTO blindcafe.topic (dtype, topic_id, src, title, interest_id, subject) VALUES ('S', 92, null, null, 4, '비오는 날엔 막걸리죠. 다들 막걸리 좋아해요?');
INSERT INTO blindcafe.topic (dtype, topic_id, src, title, interest_id, subject) VALUES ('S', 93, null, null, 4, '못 먹는 음식이 있나요?');
INSERT INTO blindcafe.topic (dtype, topic_id, src, title, interest_id, subject) VALUES ('S', 94, null, null, 4, '민트 초코 좋아해요?');
INSERT INTO blindcafe.topic (dtype, topic_id, src, title, interest_id, subject) VALUES ('S', 95, null, null, 4, '혼밥 해본 적 있어요?');
INSERT INTO blindcafe.topic (dtype, topic_id, src, title, interest_id, subject) VALUES ('S', 96, null, null, 4, '나만 알고싶은 맛집 있어요?');
INSERT INTO blindcafe.topic (dtype, topic_id, src, title, interest_id, subject) VALUES ('S', 97, null, null, 4, '제일 좋아하는 안주는 뭐에요?');
INSERT INTO blindcafe.topic (dtype, topic_id, src, title, interest_id, subject) VALUES ('S', 98, null, null, 4, '성심당 가봤어요? 거기 샌드위치가 엄청 맛있대요');
INSERT INTO blindcafe.topic (dtype, topic_id, src, title, interest_id, subject) VALUES ('S', 99, null, null, 4, '자신있는 요리 있어요?');
INSERT INTO blindcafe.topic (dtype, topic_id, src, title, interest_id, subject) VALUES ('S', 100, null, null, 4, '지금 먹고 싶은 음식은?');
INSERT INTO blindcafe.topic (dtype, topic_id, src, title, interest_id, subject) VALUES ('S', 101, null, null, 5, '최근에 여행 다녀온 곳 소개해주세요!');
INSERT INTO blindcafe.topic (dtype, topic_id, src, title, interest_id, subject) VALUES ('S', 102, null, null, 5, '갔던 곳 중에 제일 좋았던 곳은 어디예요? 전 눈감아도 그리스가 생각나요');
INSERT INTO blindcafe.topic (dtype, topic_id, src, title, interest_id, subject) VALUES ('S', 103, null, null, 5, '도심 속 호텔과 자연 속 호텔 중 선택은?');
INSERT INTO blindcafe.topic (dtype, topic_id, src, title, interest_id, subject) VALUES ('S', 104, null, null, 5, '혼자 여행 가보면 어떨까요? 무서울 것 같기도...');
INSERT INTO blindcafe.topic (dtype, topic_id, src, title, interest_id, subject) VALUES ('S', 105, null, null, 5, '여행을 간다면 누구랑 가고 싶으세요?');
INSERT INTO blindcafe.topic (dtype, topic_id, src, title, interest_id, subject) VALUES ('S', 106, null, null, 5, '여행가면 액티비티는 필수죠. 언젠가는 번지점프도 해보고 싶어요');
INSERT INTO blindcafe.topic (dtype, topic_id, src, title, interest_id, subject) VALUES ('S', 107, null, null, 5, '친구들이랑 여행가면 계획 짜는 편인가요? 전 J라 시간 단위로 계획을 세우죠!');
INSERT INTO blindcafe.topic (dtype, topic_id, src, title, interest_id, subject) VALUES ('S', 108, null, null, 5, '바다와 산 둘 중 고르라면? 하나 둘 셋!');
INSERT INTO blindcafe.topic (dtype, topic_id, src, title, interest_id, subject) VALUES ('S', 109, null, null, 5, '코로나 끝나면 어디 가고 싶으세요?');
INSERT INTO blindcafe.topic (dtype, topic_id, src, title, interest_id, subject) VALUES ('S', 110, null, null, 5, '요새 너무 제주도 가고 싶어요. 두 분 다 가보셨어요?');
INSERT INTO blindcafe.topic (dtype, topic_id, src, title, interest_id, subject) VALUES ('S', 111, null, null, 5, '여행에서 재밌었던 일화 들려주세요!');
INSERT INTO blindcafe.topic (dtype, topic_id, src, title, interest_id, subject) VALUES ('S', 112, null, null, 5, '호캉스 루틴 알려주세요! 저는 잠들기 전 영화를 본답니다');
INSERT INTO blindcafe.topic (dtype, topic_id, src, title, interest_id, subject) VALUES ('S', 113, null, null, 5, '좋았던 여행지 사진 보여주세요!');
INSERT INTO blindcafe.topic (dtype, topic_id, src, title, interest_id, subject) VALUES ('S', 114, null, null, 5, '여행기록을 남기는 편인가요? ');
INSERT INTO blindcafe.topic (dtype, topic_id, src, title, interest_id, subject) VALUES ('S', 115, null, null, 5, '여행 짐은 간소하게 VS 바리바리');
INSERT INTO blindcafe.topic (dtype, topic_id, src, title, interest_id, subject) VALUES ('S', 116, null, null, 5, '여름에 떠나는 여행지는? 계곡 vs 바닷가');
INSERT INTO blindcafe.topic (dtype, topic_id, src, title, interest_id, subject) VALUES ('S', 117, null, null, 5, '일 년에 몇 번 여행가세요?');
INSERT INTO blindcafe.topic (dtype, topic_id, src, title, interest_id, subject) VALUES ('S', 118, null, null, 5, '공항에서 밤 새본 적 있어요?');
INSERT INTO blindcafe.topic (dtype, topic_id, src, title, interest_id, subject) VALUES ('S', 119, null, null, 5, '둘 중 좋아하는 여행 스타일은? 패키지 여행  vs 자유여행');
INSERT INTO blindcafe.topic (dtype, topic_id, src, title, interest_id, subject) VALUES ('S', 120, null, null, 5, '해외여행가면 현지 음식을 즐겨먹는 타입인가요? ');
INSERT INTO blindcafe.topic (dtype, topic_id, src, title, interest_id, subject) VALUES ('S', 121, null, null, 6, '죽어서도 가져갈 명작 게임 추천해주세요!');
INSERT INTO blindcafe.topic (dtype, topic_id, src, title, interest_id, subject) VALUES ('S', 122, null, null, 6, '두분의 피씨방 최애 메뉴는?');
INSERT INTO blindcafe.topic (dtype, topic_id, src, title, interest_id, subject) VALUES ('S', 123, null, null, 6, '요새는 어떤 게임에 빠졌나요? ');
INSERT INTO blindcafe.topic (dtype, topic_id, src, title, interest_id, subject) VALUES ('S', 124, null, null, 6, '디스코드 깔려 있나요? 자주 쓰는 편이세요?');
INSERT INTO blindcafe.topic (dtype, topic_id, src, title, interest_id, subject) VALUES ('S', 125, null, null, 6, 'Twitch 스트리머 아세요?');
INSERT INTO blindcafe.topic (dtype, topic_id, src, title, interest_id, subject) VALUES ('S', 126, null, null, 6, '마이크래프트와 메이플 중 더 좋아하는 게임은?');
INSERT INTO blindcafe.topic (dtype, topic_id, src, title, interest_id, subject) VALUES ('S', 127, null, null, 6, '게임에 돈 얼마까지 써보셨어요? 전 메이플에....비밀입니다!');
INSERT INTO blindcafe.topic (dtype, topic_id, src, title, interest_id, subject) VALUES ('S', 128, null, null, 6, '롤드컵 보셨어요?');
INSERT INTO blindcafe.topic (dtype, topic_id, src, title, interest_id, subject) VALUES ('S', 129, null, null, 6, '롤 티어가 어떻게 되시죠? 저와 겸상할 수 없으실 수도 있겠네요');
INSERT INTO blindcafe.topic (dtype, topic_id, src, title, interest_id, subject) VALUES ('S', 130, null, null, 6, '보드카페에서 게임하실래요? 전 할리갈리를 제일 좋아해요!');
INSERT INTO blindcafe.topic (dtype, topic_id, src, title, interest_id, subject) VALUES ('S', 131, null, null, 6, '피시방 라면 종류 추천해주세요!');
INSERT INTO blindcafe.topic (dtype, topic_id, src, title, interest_id, subject) VALUES ('S', 132, null, null, 6, '모바일 게임은 어떤 거 하세요?');
INSERT INTO blindcafe.topic (dtype, topic_id, src, title, interest_id, subject) VALUES ('S', 133, null, null, 6, '닌텐도 스위치 있어요?');
INSERT INTO blindcafe.topic (dtype, topic_id, src, title, interest_id, subject) VALUES ('S', 134, null, null, 6, '슈게임 해 본적 있어요? 전 라면가게 운영했었습니다!');
INSERT INTO blindcafe.topic (dtype, topic_id, src, title, interest_id, subject) VALUES ('S', 135, null, null, 6, '좋아하는 프로게이머 있나요?');
INSERT INTO blindcafe.topic (dtype, topic_id, src, title, interest_id, subject) VALUES ('S', 136, null, null, 6, '배그할 때 자주 치킨먹나요?');
INSERT INTO blindcafe.topic (dtype, topic_id, src, title, interest_id, subject) VALUES ('S', 137, null, null, 6, '제일 좋아하는 술게임은?');
INSERT INTO blindcafe.topic (dtype, topic_id, src, title, interest_id, subject) VALUES ('S', 138, null, null, 6, '가챠게임에서 행운이 따르는 편인가요?');
INSERT INTO blindcafe.topic (dtype, topic_id, src, title, interest_id, subject) VALUES ('S', 139, null, null, 6, '전 방을 pc방으로 인테리어하고 싶어요. 두 분도 그런가요?');
INSERT INTO blindcafe.topic (dtype, topic_id, src, title, interest_id, subject) VALUES ('S', 140, null, null, 6, '좋아하는 게임 유튜버는 누군가요? ');
INSERT INTO blindcafe.topic (dtype, topic_id, src, title, interest_id, subject) VALUES ('S', 141, null, null, 7, '최애 연예인 말해주실 수 있나요? 전 블랙핑크의 로제요!');
INSERT INTO blindcafe.topic (dtype, topic_id, src, title, interest_id, subject) VALUES ('S', 142, null, null, 7, '혹시 덕질용 트위터 계정이 있어요? ');
INSERT INTO blindcafe.topic (dtype, topic_id, src, title, interest_id, subject) VALUES ('S', 143, null, null, 7, '힘들 때 위로 받았던 노래가 있나요? 추천해주세요');
INSERT INTO blindcafe.topic (dtype, topic_id, src, title, interest_id, subject) VALUES ('S', 144, null, null, 7, '두 분 모두 연예인 실제로 본 적 있어요? 전 롯데월드에서 아이돌을 봤었죠...');
INSERT INTO blindcafe.topic (dtype, topic_id, src, title, interest_id, subject) VALUES ('S', 145, null, null, 7, '해외 연예인은 누굴 좋아해요?');
INSERT INTO blindcafe.topic (dtype, topic_id, src, title, interest_id, subject) VALUES ('S', 146, null, null, 7, '연예인이랑 사진 찍어본 적 있어요?');
INSERT INTO blindcafe.topic (dtype, topic_id, src, title, interest_id, subject) VALUES ('S', 147, null, null, 7, '최애 입덕 계기 말해주세요!');
INSERT INTO blindcafe.topic (dtype, topic_id, src, title, interest_id, subject) VALUES ('S', 148, null, null, 7, '좋아하는 연예인 콘서트 가본 적 있어요?');
INSERT INTO blindcafe.topic (dtype, topic_id, src, title, interest_id, subject) VALUES ('S', 149, null, null, 7, '최애가 대선 출마한다면, 뽑아주실 건가요?');
INSERT INTO blindcafe.topic (dtype, topic_id, src, title, interest_id, subject) VALUES ('S', 150, null, null, 7, '팬클럽 가입해 있나요?');
INSERT INTO blindcafe.topic (dtype, topic_id, src, title, interest_id, subject) VALUES ('S', 151, null, null, 7, '제일 좋아하는 최애 사진 보여주세요!');
INSERT INTO blindcafe.topic (dtype, topic_id, src, title, interest_id, subject) VALUES ('S', 152, null, null, 7, '좋아하는 가수 알려주세요!');
INSERT INTO blindcafe.topic (dtype, topic_id, src, title, interest_id, subject) VALUES ('S', 153, null, null, 7, '좋아하는 배우 알려주세요!');
INSERT INTO blindcafe.topic (dtype, topic_id, src, title, interest_id, subject) VALUES ('S', 154, null, null, 7, '500만원 내고 최애랑 여행 가기 vs 500만원 받고 전 애인과 여행가기');
INSERT INTO blindcafe.topic (dtype, topic_id, src, title, interest_id, subject) VALUES ('S', 155, null, null, 7, '두 분의 최애는 유튜브 운영하나요?');
INSERT INTO blindcafe.topic (dtype, topic_id, src, title, interest_id, subject) VALUES ('S', 156, null, null, 7, '차애는 누군가요?');
INSERT INTO blindcafe.topic (dtype, topic_id, src, title, interest_id, subject) VALUES ('S', 157, null, null, 7, '지금 꽂힌 연예인 있어요?');
INSERT INTO blindcafe.topic (dtype, topic_id, src, title, interest_id, subject) VALUES ('S', 158, null, null, 7, '자신이 갖고 있는 굿즈를 자랑해주세요!');
INSERT INTO blindcafe.topic (dtype, topic_id, src, title, interest_id, subject) VALUES ('S', 159, null, null, 7, '주변 사람들에게 문자 투표 부탁해본 적 있나요?');
INSERT INTO blindcafe.topic (dtype, topic_id, src, title, interest_id, subject) VALUES ('S', 160, null, null, 7, '최애를 보기 위해 같은 작품을 N차 관람해본 적 있어요?');
INSERT INTO blindcafe.topic (dtype, topic_id, src, title, interest_id, subject) VALUES ('S', 161, null, null, 8, '좋아하는 스포츠 알려주세요');
INSERT INTO blindcafe.topic (dtype, topic_id, src, title, interest_id, subject) VALUES ('S', 162, null, null, 8, '야구 좋아하세요? 어떤 팀 응원하시나요?');
INSERT INTO blindcafe.topic (dtype, topic_id, src, title, interest_id, subject) VALUES ('S', 163, null, null, 8, '응원하는 팀 있나요? 계기도 같이 알려주세요!');
INSERT INTO blindcafe.topic (dtype, topic_id, src, title, interest_id, subject) VALUES ('S', 164, null, null, 8, '취미로 어떤 운동하세요? ');
INSERT INTO blindcafe.topic (dtype, topic_id, src, title, interest_id, subject) VALUES ('S', 165, null, null, 8, '올림픽 무슨 종목이 제일 재밌게 보셨나요?');
INSERT INTO blindcafe.topic (dtype, topic_id, src, title, interest_id, subject) VALUES ('S', 166, null, null, 8, '프리미어리그 챙겨보세요? ');
INSERT INTO blindcafe.topic (dtype, topic_id, src, title, interest_id, subject) VALUES ('S', 167, null, null, 8, '홈트레이닝 하고 계신가요? ');
INSERT INTO blindcafe.topic (dtype, topic_id, src, title, interest_id, subject) VALUES ('S', 168, null, null, 8, 'PT 등록하는 거 어떻게 생각하세요? 요새 제 고민이에요');
INSERT INTO blindcafe.topic (dtype, topic_id, src, title, interest_id, subject) VALUES ('S', 169, null, null, 8, '수영하는 거 좋아해요?');
INSERT INTO blindcafe.topic (dtype, topic_id, src, title, interest_id, subject) VALUES ('S', 170, null, null, 8, '러닝어플 써보셨어요? 전 런데이 사용해요');
INSERT INTO blindcafe.topic (dtype, topic_id, src, title, interest_id, subject) VALUES ('S', 171, null, null, 8, '좋아하는 운동 선수 알려주세요!');
INSERT INTO blindcafe.topic (dtype, topic_id, src, title, interest_id, subject) VALUES ('S', 172, null, null, 8, '홈트 유튜버 추천해주세요!');
INSERT INTO blindcafe.topic (dtype, topic_id, src, title, interest_id, subject) VALUES ('S', 173, null, null, 8, '배우고 싶은 운동있어요?');
INSERT INTO blindcafe.topic (dtype, topic_id, src, title, interest_id, subject) VALUES ('S', 174, null, null, 8, '런데이 어플 써봤어요? ');
INSERT INTO blindcafe.topic (dtype, topic_id, src, title, interest_id, subject) VALUES ('S', 175, null, null, 8, '식단은 어떻게 하고 있어요?');
INSERT INTO blindcafe.topic (dtype, topic_id, src, title, interest_id, subject) VALUES ('S', 176, null, null, 8, '상대방에게 추천해주고 싶은 운동은?');
INSERT INTO blindcafe.topic (dtype, topic_id, src, title, interest_id, subject) VALUES ('S', 177, null, null, 8, '운동을 시작하게 된 계기가 뭐에요?');
INSERT INTO blindcafe.topic (dtype, topic_id, src, title, interest_id, subject) VALUES ('S', 178, null, null, 8, '바디프로필 찍어보셨어요?');
INSERT INTO blindcafe.topic (dtype, topic_id, src, title, interest_id, subject) VALUES ('S', 179, null, null, 8, '최근 손흥민 경기 봤어요? 원래는 펍에서 다같이 봐야 하는데... 아쉬워요');
INSERT INTO blindcafe.topic (dtype, topic_id, src, title, interest_id, subject) VALUES ('S', 180, null, null, 8, '우리 직관하고 싶은 경기 골라봐요!');
INSERT INTO blindcafe.topic (dtype, topic_id, src, title, interest_id, subject) VALUES ('S', 181, null, null, 9, '비트코인을 하고싶은데 종목 추천해주세요!');
INSERT INTO blindcafe.topic (dtype, topic_id, src, title, interest_id, subject) VALUES ('S', 182, null, null, 9, '재태크는 언제 시작했나요?');
INSERT INTO blindcafe.topic (dtype, topic_id, src, title, interest_id, subject) VALUES ('S', 183, null, null, 9, '주식 상한가 친 적 있나요? 종목 저희한테만 몰래 알려주세요');
INSERT INTO blindcafe.topic (dtype, topic_id, src, title, interest_id, subject) VALUES ('S', 184, null, null, 9, '테슬라 보유중이세요? 천슬라...');
INSERT INTO blindcafe.topic (dtype, topic_id, src, title, interest_id, subject) VALUES ('S', 185, null, null, 9, '주식 유튜브 보시나요? 슈카월드 요새 유명하더라구요!');
INSERT INTO blindcafe.topic (dtype, topic_id, src, title, interest_id, subject) VALUES ('S', 186, null, null, 9, '부동산 보러 다니는 거 좋아해요?');
INSERT INTO blindcafe.topic (dtype, topic_id, src, title, interest_id, subject) VALUES ('S', 187, null, null, 9, '주택 청약 넣고 계세요?');
INSERT INTO blindcafe.topic (dtype, topic_id, src, title, interest_id, subject) VALUES ('S', 188, null, null, 9, '해외 주식은 하세요? 전 미국 장 때문에 잠을 못자요...');
INSERT INTO blindcafe.topic (dtype, topic_id, src, title, interest_id, subject) VALUES ('S', 189, null, null, 9, '요새는 미술품으로 투자한다고 하더라구요. 관심 있으세요?');
INSERT INTO blindcafe.topic (dtype, topic_id, src, title, interest_id, subject) VALUES ('S', 190, null, null, 9, '펀드할까 고민 중이에요. 섹터 추천해주실 수 있어요?');
INSERT INTO blindcafe.topic (dtype, topic_id, src, title, interest_id, subject) VALUES ('S', 191, null, null, 9, '주식 공부는 어떻게 하면 좋을까요?');
INSERT INTO blindcafe.topic (dtype, topic_id, src, title, interest_id, subject) VALUES ('S', 192, null, null, 9, '단타 해서 이득 본 적 있나요?');
INSERT INTO blindcafe.topic (dtype, topic_id, src, title, interest_id, subject) VALUES ('S', 193, null, null, 9, '주식 어플 어떤 거 쓰세요?');
INSERT INTO blindcafe.topic (dtype, topic_id, src, title, interest_id, subject) VALUES ('S', 194, null, null, 9, '집을 산다면 강남 VS 강북 ');
INSERT INTO blindcafe.topic (dtype, topic_id, src, title, interest_id, subject) VALUES ('S', 195, null, null, 9, '삼성전자 주주신가요? ');
INSERT INTO blindcafe.topic (dtype, topic_id, src, title, interest_id, subject) VALUES ('S', 196, null, null, 9, '요새 금값 많이 올랐더라구요, 금 사두셨나요?');
INSERT INTO blindcafe.topic (dtype, topic_id, src, title, interest_id, subject) VALUES ('S', 197, null, null, 9, '코로나 끝나면 어떤 주식이 오를까요?');
INSERT INTO blindcafe.topic (dtype, topic_id, src, title, interest_id, subject) VALUES ('S', 198, null, null, 9, '월급의 몇 %를 저금, 투자하고 있나요?');
INSERT INTO blindcafe.topic (dtype, topic_id, src, title, interest_id, subject) VALUES ('S', 199, null, null, 9, '둘 중 본인 투자 스타일은? 불나방 vs 안전 투자');
INSERT INTO blindcafe.topic (dtype, topic_id, src, title, interest_id, subject) VALUES ('S', 200, null, null, 9, '혹시 NFT로 강남에 땅 산다는 얘기 들어보셨어요? 투자수단으로 어떻게 생각해요?');
INSERT INTO blindcafe.topic (dtype, topic_id, src, title, interest_id, subject) VALUES ('A', 1001, 'https://dpb9ox8h2ie20.cloudfront.net/content/audio/gas-cooker-ignition-1.mp3', '가스레인지 점화하는 소리', null, null);
INSERT INTO blindcafe.topic (dtype, topic_id, src, title, interest_id, subject) VALUES ('A', 1002, 'https://dpb9ox8h2ie20.cloudfront.net/content/audio/knock-1.mp3', '노크 소리', null, null);
INSERT INTO blindcafe.topic (dtype, topic_id, src, title, interest_id, subject) VALUES ('A', 1003, 'https://dpb9ox8h2ie20.cloudfront.net/content/audio/diving-1.mp3', '다이빙하는 소리', null, null);
INSERT INTO blindcafe.topic (dtype, topic_id, src, title, interest_id, subject) VALUES ('A', 1004, 'https://dpb9ox8h2ie20.cloudfront.net/content/audio/eat-ramen-1.mp3', '라면 먹는 소리', null, null);
INSERT INTO blindcafe.topic (dtype, topic_id, src, title, interest_id, subject) VALUES ('A', 1005, 'https://dpb9ox8h2ie20.cloudfront.net/content/audio/drink-something-1.mp3', '물 마시는 소리', null, null);
INSERT INTO blindcafe.topic (dtype, topic_id, src, title, interest_id, subject) VALUES ('A', 1006, 'https://dpb9ox8h2ie20.cloudfront.net/content/audio/bonfire-1.mp3', '모닥불 소리', null, null);
INSERT INTO blindcafe.topic (dtype, topic_id, src, title, interest_id, subject) VALUES ('A', 1007, 'https://dpb9ox8h2ie20.cloudfront.net/content/audio/throw-stone-at-water-1.mp3', '물 표면에 돌 던지는 소리', null, null);
INSERT INTO blindcafe.topic (dtype, topic_id, src, title, interest_id, subject) VALUES ('A', 1008, 'https://dpb9ox8h2ie20.cloudfront.net/content/audio/rain-1.mp3', '비 내리는 소리', null, null);
INSERT INTO blindcafe.topic (dtype, topic_id, src, title, interest_id, subject) VALUES ('A', 1009, 'https://dpb9ox8h2ie20.cloudfront.net/content/audio/write-with-sharp-1.mp3', '샤프로 글씨쓰는 소리', null, null);
INSERT INTO blindcafe.topic (dtype, topic_id, src, title, interest_id, subject) VALUES ('A', 1010, 'https://dpb9ox8h2ie20.cloudfront.net/content/audio/wash-dishes-1.mp3', '설거지하는 소리', null, null);
INSERT INTO blindcafe.topic (dtype, topic_id, src, title, interest_id, subject) VALUES ('A', 1011, 'https://dpb9ox8h2ie20.cloudfront.net/content/audio/eat-snack-1.mp3', '과자 먹는 소리', null, null);
INSERT INTO blindcafe.topic (dtype, topic_id, src, title, interest_id, subject) VALUES ('A', 1012, 'https://dpb9ox8h2ie20.cloudfront.net/content/audio/brush-teeth-1.mp3', '양치질하는 소리', null, null);
INSERT INTO blindcafe.topic (dtype, topic_id, src, title, interest_id, subject) VALUES ('A', 1013, 'https://dpb9ox8h2ie20.cloudfront.net/content/audio/cut-onion-1.mp3', '양파 자르는 소리', null, null);
INSERT INTO blindcafe.topic (dtype, topic_id, src, title, interest_id, subject) VALUES ('A', 1014, 'https://dpb9ox8h2ie20.cloudfront.net/content/audio/wark-on-grass-1.mp3', '잔디 위를 걷는 소리', null, null);
INSERT INTO blindcafe.topic (dtype, topic_id, src, title, interest_id, subject) VALUES ('A', 1015, 'https://dpb9ox8h2ie20.cloudfront.net/content/audio/write-on-blackboard-with-chalk-1.mp3', '칠판 위에 분필로 글씨쓰는 소리', null, null);
INSERT INTO blindcafe.topic (dtype, topic_id, src, title, interest_id, subject) VALUES ('A', 1016, 'https://dpb9ox8h2ie20.cloudfront.net/content/audio/open-can-1.mp3', '캔 따는 소리', null, null);
INSERT INTO blindcafe.topic (dtype, topic_id, src, title, interest_id, subject) VALUES ('A', 1017, 'https://dpb9ox8h2ie20.cloudfront.net/content/audio/type-on-keyboard-1.mp3', '타자 치는 소리', null, null);
INSERT INTO blindcafe.topic (dtype, topic_id, src, title, interest_id, subject) VALUES ('A', 1018, 'https://dpb9ox8h2ie20.cloudfront.net/content/audio/pour-soda-1.mp3', '탄산음료 따르는 소리', null, null);
INSERT INTO blindcafe.topic (dtype, topic_id, src, title, interest_id, subject) VALUES ('A', 1019, 'https://dpb9ox8h2ie20.cloudfront.net/content/audio/waves-1.mp3', '파도 소리', null, null);
INSERT INTO blindcafe.topic (dtype, topic_id, src, title, interest_id, subject) VALUES ('I', 2001, 'https://dpb9ox8h2ie20.cloudfront.net/content/image/french-fries-1.png', '감자튀김', null, null);
INSERT INTO blindcafe.topic (dtype, topic_id, src, title, interest_id, subject) VALUES ('I', 2002, 'https://dpb9ox8h2ie20.cloudfront.net/content/image/puppy-1.png', '강아지', null, null);
INSERT INTO blindcafe.topic (dtype, topic_id, src, title, interest_id, subject) VALUES ('I', 2003, 'https://dpb9ox8h2ie20.cloudfront.net/content/image/cat-1.png', '고양이', null, null);
INSERT INTO blindcafe.topic (dtype, topic_id, src, title, interest_id, subject) VALUES ('I', 2004, 'https://dpb9ox8h2ie20.cloudfront.net/content/image/marilyn-monroe-1.png', '마릴린먼로', null, null);
INSERT INTO blindcafe.topic (dtype, topic_id, src, title, interest_id, subject) VALUES ('I', 2005, 'https://dpb9ox8h2ie20.cloudfront.net/content/image/harry-potter-hat-1.png', '해리포터 말하는 모자', null, null);
INSERT INTO blindcafe.topic (dtype, topic_id, src, title, interest_id, subject) VALUES ('I', 2006, 'https://dpb9ox8h2ie20.cloudfront.net/content/image/beer-1.png', '맥주', null, null);
INSERT INTO blindcafe.topic (dtype, topic_id, src, title, interest_id, subject) VALUES ('I', 2007, 'https://dpb9ox8h2ie20.cloudfront.net/content/image/bisili-1.png', '비실이', null, null);
INSERT INTO blindcafe.topic (dtype, topic_id, src, title, interest_id, subject) VALUES ('I', 2008, 'https://dpb9ox8h2ie20.cloudfront.net/content/image/apple-1.png', '사과', null, null);
INSERT INTO blindcafe.topic (dtype, topic_id, src, title, interest_id, subject) VALUES ('I', 2009, 'https://dpb9ox8h2ie20.cloudfront.net/content/image/sandwich-1.png', '샌드위치', null, null);
INSERT INTO blindcafe.topic (dtype, topic_id, src, title, interest_id, subject) VALUES ('I', 2010, 'https://dpb9ox8h2ie20.cloudfront.net/content/image/sad-frog-1.png', '속상한개구리', null, null);
INSERT INTO blindcafe.topic (dtype, topic_id, src, title, interest_id, subject) VALUES ('I', 2011, 'https://dpb9ox8h2ie20.cloudfront.net/content/image/switch-1.png', '스위치', null, null);
INSERT INTO blindcafe.topic (dtype, topic_id, src, title, interest_id, subject) VALUES ('I', 2012, 'https://dpb9ox8h2ie20.cloudfront.net/content/image/ariana-grande-1.png', '아리아나그란데', null, null);
INSERT INTO blindcafe.topic (dtype, topic_id, src, title, interest_id, subject) VALUES ('I', 2013, 'https://dpb9ox8h2ie20.cloudfront.net/content/image/unicorn-1.png', '유니콘', null, null);
INSERT INTO blindcafe.topic (dtype, topic_id, src, title, interest_id, subject) VALUES ('I', 2014, 'https://dpb9ox8h2ie20.cloudfront.net/content/image/koala-1.png', '코알라', null, null);
INSERT INTO blindcafe.topic (dtype, topic_id, src, title, interest_id, subject) VALUES ('I', 2015, 'https://dpb9ox8h2ie20.cloudfront.net/content/image/x-mas-tree-1.png', '크리스마스트리', null, null);
INSERT INTO blindcafe.topic (dtype, topic_id, src, title, interest_id, subject) VALUES ('I', 2016, 'https://dpb9ox8h2ie20.cloudfront.net/content/image/pokemon-charmander-1.png', '파이리', null, null);
INSERT INTO blindcafe.topic (dtype, topic_id, src, title, interest_id, subject) VALUES ('I', 2017, 'https://dpb9ox8h2ie20.cloudfront.net/content/image/popcorn-1.png', '팝콘', null, null);
INSERT INTO blindcafe.topic (dtype, topic_id, src, title, interest_id, subject) VALUES ('I', 2018, 'https://dpb9ox8h2ie20.cloudfront.net/content/image/coke-1.png', '콜라', null, null);
INSERT INTO blindcafe.topic (dtype, topic_id, src, title, interest_id, subject) VALUES ('I', 2019, 'https://dpb9ox8h2ie20.cloudfront.net/content/image/burger-1.png', '햄버거', null, null);
INSERT INTO blindcafe.topic (dtype, topic_id, src, title, interest_id, subject) VALUES ('I', 2020, 'https://dpb9ox8h2ie20.cloudfront.net/content/image/merry-go-round-1.png', '회전목마', null, null);

# 음료수
INSERT INTO blindcafe.drink (drink_id, name) VALUES (1, '아메리카노');
INSERT INTO blindcafe.drink (drink_id, name) VALUES (2, '카페라떼');
INSERT INTO blindcafe.drink (drink_id, name) VALUES (3, '카페모카');
INSERT INTO blindcafe.drink (drink_id, name) VALUES (4, '버블티');
INSERT INTO blindcafe.drink (drink_id, name) VALUES (5, '민트초코');
INSERT INTO blindcafe.drink (drink_id, name) VALUES (6, '딸기 스무디');
INSERT INTO blindcafe.drink (drink_id, name) VALUES (7, '블루 레몬 에이드');
INSERT INTO blindcafe.drink (drink_id, name) VALUES (8, '녹차');
INSERT INTO blindcafe.drink (drink_id, name) VALUES (9, '자몽티');

# 사유
INSERT INTO blindcafe.reason (reason_id, num, reason_type, text) VALUES (1, 1, 'FOR_LEAVE_ROOM', '상대방과 연락이 잘 안돼요');
INSERT INTO blindcafe.reason (reason_id, num, reason_type, text) VALUES (2, 2, 'FOR_LEAVE_ROOM', '대화가 불쾌했어요(성적, 종교적 등)');
INSERT INTO blindcafe.reason (reason_id, num, reason_type, text) VALUES (3, 3, 'FOR_LEAVE_ROOM', '대화가 재미없어요');
INSERT INTO blindcafe.reason (reason_id, num, reason_type, text) VALUES (4, 4, 'FOR_LEAVE_ROOM', '제가 바빠서 대화할 시간이 부족해요');
INSERT INTO blindcafe.reason (reason_id, num, reason_type, text) VALUES (5, 1, 'FOR_REPORT', '욕설, 모욕 등의 불쾌한 발언');
INSERT INTO blindcafe.reason (reason_id, num, reason_type, text) VALUES (6, 2, 'FOR_REPORT', '과도한 성적 발언');
INSERT INTO blindcafe.reason (reason_id, num, reason_type, text) VALUES (7, 3, 'FOR_REPORT', '개인정보 요구 및 만남 강요');
INSERT INTO blindcafe.reason (reason_id, num, reason_type, text) VALUES (8, 4, 'FOR_REPORT', '미성년자');
INSERT INTO blindcafe.reason (reason_id, num, reason_type, text) VALUES (9, 5, 'FOR_REPORT', '도배성 메세지');
INSERT INTO blindcafe.reason (reason_id, num, reason_type, text) VALUES (10, 0, 'FOR_RETIRED', '탈퇴 사유 미입력');
INSERT INTO blindcafe.reason (reason_id, num, reason_type, text) VALUES (11, 1, 'FOR_RETIRED', '충분히 시간을 보냈어요');
INSERT INTO blindcafe.reason (reason_id, num, reason_type, text) VALUES (12, 2, 'FOR_RETIRED', '좋은 사람을 만나지 못했어요');
INSERT INTO blindcafe.reason (reason_id, num, reason_type, text) VALUES (13, 3, 'FOR_RETIRED', '상대방의 정보를 알 수 없어 답답해요');
INSERT INTO blindcafe.reason (reason_id, num, reason_type, text) VALUES (14, 4, 'FOR_RETIRED', '알림이 너무 자주 와요');
INSERT INTO blindcafe.reason (reason_id, num, reason_type, text) VALUES (15, 5, 'FOR_RETIRED', '매칭을 기다리는 시간이 길어요');